Date,Open,High,Low,Close,Volume
2023-01-02,30.1,34.43,27.82,32.2,7878964
2023-01-03,32.31,33.11,32.08,32.63,3140651
2023-01-04,32.68,33.68,32.43,33.16,6228839
2023-01-05,33.12,36.38,31.97,34.91,7653195
2023-01-06,34.95,35.73,34.46,35.15,6574908
2023-01-09,35.15,37.81,31.09,32.44,7142686
2023-01-10,32.54,33.71,31.77,33.29,7218133
2023-01-11,33.42,34.19,33.21,33.75,4519239
2023-01-12,33.67,34.1,32.77,33.1,6356433
2023-01-13,33.22,33.34,32.94,33.08,2961202
2023-01-16,33.05,36.63,25.76,29.06,4690361
2023-01-17,29.06,30.48,28.32,29.71,3798078
2023-01-18,29.71,32.24,28.22,31.51,2927929
2023-01-19,31.61,31.7,31.51,31.63,6145126
2023-01-20,31.66,34.43,30.12,33.04,2764225
2023-01-23,33.12,34.36,29.46,30.96,4980821
2023-01-24,30.92,31.95,29.75,30.08,2562199
2023-01-25,30.18,30.85,28.11,28.98,7381185
2023-01-26,28.96,30.4,24.71,26.45,6093883
2023-01-27,26.39,26.86,24.86,25.54,5177851
2023-01-30,25.61,26.56,23.94,24.83,3707211
2023-01-31,24.86,26.41,21.81,23.15,7605471
2023-02-01,23.11,24.04,22.78,23.7,5403619
2023-02-02,23.78,24.07,23.18,23.48,4482098
2023-02-03,23.44,23.69,23.22,23.36,4336022
2023-02-06,23.44,23.55,23.19,23.37,3699452
2023-02-07,23.34,23.89,23.13,23.69,6023955
2023-02-08,23.71,24.14,23.21,23.98,3138153
2023-02-09,23.96,24.57,21.65,22.68,4805495
2023-02-10,22.71,23.87,21.99,23.52,5443702
2023-02-13,23.53,23.97,21.95,22.58,4126270
2023-02-14,22.57,23.4,22.38,22.91,4761483
2023-02-15,22.84,25.98,22.05,24.84,7343036
2023-02-16,24.78,24.97,23.92,24.45,4710570
2023-02-17,24.49,27.25,20.28,21.88,5800322
2023-02-20,21.86,22.5,20.43,21.05,5075810
2023-02-21,21.06,22.87,18.09,19.16,3975373
2023-02-22,19.18,21.24,18.12,20.48,5444629
2023-02-23,20.48,22.34,19.93,21.64,7238560
2023-02-24,21.58,22.08,21.34,21.87,6000711
2023-02-27,21.81,22.66,19.77,20.76,4356754
2023-02-28,20.81,21.76,18.43,19.58,5687639
2023-03-01,19.58,19.65,19.46,19.54,3715697
2023-03-02,19.55,20.08,19.27,19.92,4555510
2023-03-03,19.92,20.62,18.71,19.2,7062876
2023-03-06,19.22,20.24,17.76,18.17,3378513
2023-03-07,18.14,18.45,17.58,17.91,3921453
2023-03-08,17.89,18.37,17.68,18.16,5894787
2023-03-09,18.09,18.14,17.99,18.09,5936434
2023-03-10,18.15,18.27,18.01,18.08,4952619
2023-03-13,18.07,18.18,17.99,18.05,3125861
2023-03-14,18.12,18.93,17.62,18.51,5226401
2023-03-15,18.53,18.78,18.36,18.66,4098922
2023-03-16,18.64,19.77,18.37,19.22,6616845
2023-03-17,19.26,22.33,18.51,21.0,6349091
2023-03-20,21.05,21.92,20.6,21.57,7137175
2023-03-21,21.53,22.93,20.88,22.27,3567989
2023-03-22,22.26,22.54,22.0,22.16,6476526
2023-03-23,22.18,23.49,21.45,23.05,2796858
2023-03-24,23.06,23.18,22.84,23.03,5337404
2023-03-27,23.0,24.04,21.41,21.96,5486194
2023-03-28,21.95,22.54,20.72,21.28,6054948
2023-03-29,21.36,22.05,19.45,20.28,2591048
2023-03-30,20.25,20.57,20.09,20.46,3182344
2023-03-31,20.42,21.5,20.16,21.17,4585094
2023-04-03,21.25,23.13,17.46,19.29,6156470
2023-04-04,19.22,19.65,19.08,19.45,2991250
2023-04-05,19.38,20.5,19.09,20.0,3283171
2023-04-06,20.06,22.7,18.78,21.84,4487073
2023-04-07,21.85,22.71,21.5,22.44,6210026
2023-04-10,22.38,23.29,21.81,22.73,4903585
2023-04-11,22.72,23.7,22.11,23.14,4873452
2023-04-12,23.06,23.1,22.99,23.05,4999301
2023-04-13,23.05,24.85,20.56,21.18,5751688
2023-04-14,21.21,22.04,19.44,20.03,5396974
2023-04-17,19.96,20.67,19.57,20.32,5459890
2023-04-18,20.3,21.79,20.01,21.09,5114444
2023-04-19,21.16,22.2,20.78,21.89,6225460
2023-04-20,21.81,22.08,21.7,21.99,2780579
2023-04-21,21.93,22.21,21.27,21.6,3826020
2023-04-24,21.52,21.59,21.42,21.49,5728301
2023-04-25,21.54,21.82,20.54,21.05,5553364
2023-04-26,21.12,21.7,20.07,20.41,5414236
2023-04-27,20.39,22.48,19.58,21.94,2707432
2023-04-28,21.87,22.28,21.04,21.45,4130277
2023-05-01,21.53,21.95,20.57,21.02,5927909
2023-05-02,21.08,21.52,20.75,21.28,2912299
2023-05-03,21.2,21.54,21.07,21.33,6181938
2023-05-04,21.41,22.12,20.05,20.74,5651931
2023-05-05,20.7,21.88,20.18,21.5,6703066
2023-05-08,21.46,21.97,21.25,21.67,4638637
2023-05-09,21.71,25.11,20.57,23.4,4827235
2023-05-10,23.42,23.92,22.35,22.64,4649607
2023-05-11,22.58,22.81,22.46,22.65,6263804
2023-05-12,22.71,23.18,20.95,21.81,6488962
2023-05-15,21.79,21.94,21.71,21.84,4021335
2023-05-16,21.9,23.69,21.36,23.0,3562614
2023-05-17,23.05,23.34,22.87,23.11,5935685
2023-05-18,23.19,23.44,23.05,23.3,6463932
2023-05-19,23.38,24.27,19.92,20.97,5179444
2023-05-22,20.96,21.84,20.6,21.43,6607641
2023-05-23,21.39,21.9,20.12,20.84,2736913
2023-05-24,20.82,21.22,19.46,19.84,2947084
2023-05-25,19.9,20.56,18.4,18.96,3958384
2023-05-26,18.91,21.38,17.57,20.7,5157703
2023-05-29,20.77,22.12,20.26,21.5,5116803
2023-05-30,21.49,22.63,19.71,20.22,5767269
2023-05-31,20.19,21.69,19.58,20.91,6879742
2023-06-01,20.88,22.37,17.74,18.98,2811083
2023-06-02,19.02,20.11,17.47,17.96,5254359
2023-06-05,17.91,19.02,17.4,18.52,6021169
2023-06-06,18.49,19.23,16.14,17.33,4935233
2023-06-07,17.27,21.18,15.65,19.54,8310467
2023-06-08,19.51,20.08,19.27,19.85,6697568
2023-06-09,19.88,20.39,18.45,19.2,5907398
2023-06-12,19.21,20.02,18.17,18.49,4175301
2023-06-13,18.53,19.45,18.07,18.91,5721192
2023-06-14,18.92,19.64,18.6,19.33,5550795
2023-06-15,19.31,19.68,18.65,18.93,3945735
2023-06-16,18.97,20.16,18.74,19.55,3264976
2023-06-19,19.6,19.85,19.02,19.4,5889740
2023-06-20,19.33,19.5,19.23,19.42,6295657
2023-06-21,19.5,20.12,17.63,18.27,6993549
2023-06-22,18.29,19.39,16.73,17.25,7201311
2023-06-23,17.28,17.62,16.34,16.58,3291731
2023-06-26,16.61,19.67,15.23,18.15,3236879
2023-06-27,18.21,18.94,15.92,17.09,4721277
2023-06-28,17.11,17.19,16.77,16.93,6800863
2023-06-29,16.99,17.04,16.88,16.92,2286986
2023-06-30,16.88,17.63,16.64,17.29,6162210
2023-07-03,17.32,18.8,16.71,18.11,7428750
2023-07-04,18.12,19.94,17.34,19.09,7603942
2023-07-05,19.13,22.64,17.75,21.7,5428514
2023-07-06,21.69,22.8,19.56,20.22,3676733
2023-07-07,20.27,20.5,20.06,20.36,3196136
2023-07-10,20.35,21.39,16.96,18.75,5969707
2023-07-11,18.8,19.28,18.43,19.12,2711022
2023-07-12,19.13,20.81,18.49,19.86,5959700
2023-07-13,19.86,20.34,18.34,18.84,5056411
2023-07-14,18.78,19.15,17.8,18.22,5504143
2023-07-17,18.29,18.73,17.23,17.79,3399089
2023-07-18,17.77,19.53,17.17,18.82,6797513
2023-07-19,18.89,19.0,18.75,18.83,2322058
2023-07-20,18.9,19.93,17.2,17.79,3215289
2023-07-21,17.74,19.25,16.85,18.74,4858671
2023-07-24,18.75,20.33,18.32,19.62,2611721
2023-07-25,19.58,20.27,19.13,20.01,4782059
2023-07-26,20.09,20.77,18.78,19.16,4962512
2023-07-27,19.15,19.43,18.97,19.3,5262363
2023-07-28,19.23,19.32,19.08,19.15,3767754
2023-07-31,19.1,19.88,16.96,18.06,4152397
2023-08-01,17.99,18.42,15.67,16.72,3219385
2023-08-02,16.67,19.94,15.32,18.48,2972528
2023-08-03,18.44,19.02,18.02,18.84,7144227
2023-08-04,18.77,19.2,18.61,19.03,3344149
2023-08-07,19.0,20.48,18.53,19.68,5049849
2023-08-08,19.69,20.88,17.58,18.5,5060731
2023-08-09,18.51,20.09,17.34,19.66,5109897
2023-08-10,19.65,20.69,19.4,20.25,4284772
2023-08-11,20.28,21.88,19.74,21.17,3774803
2023-08-14,21.19,21.66,20.01,20.33,3037593
2023-08-15,20.28,20.98,19.94,20.58,3668256
2023-08-16,20.54,23.01,19.99,22.1,4273362
2023-08-17,22.06,23.16,18.57,20.14,7701092
2023-08-18,20.16,22.08,16.96,18.23,5557100
2023-08-21,18.29,18.63,17.31,17.73,7133037
2023-08-22,17.76,18.05,17.29,17.56,3033010
2023-08-23,17.57,17.84,17.06,17.31,2606298
2023-08-24,17.38,18.46,17.02,18.17,4416915
2023-08-25,18.16,18.96,17.88,18.53,7170823
2023-08-28,18.51,19.27,16.67,17.47,4514885
2023-08-29,17.44,17.69,17.14,17.3,6282801
2023-08-30,17.34,18.4,14.69,15.44,4318208
2023-08-31,15.41,15.55,15.08,15.24,2826918
2023-09-01,15.25,15.36,14.84,15.09,2659808
2023-09-04,15.04,16.06,14.39,15.66,2571080
2023-09-05,15.67,15.89,15.31,15.45,6128606
2023-09-06,15.41,17.01,14.99,16.19,5540784
2023-09-07,16.2,17.11,15.67,16.71,5893690
2023-09-08,16.67,18.17,16.11,17.45,3218523
2023-09-11,17.4,19.04,16.74,18.45,7895082
2023-09-12,18.38,19.18,18.2,18.84,4624884
2023-09-13,18.78,18.93,18.38,18.57,2431075
2023-09-14,18.57,19.33,16.5,17.34,3981340
2023-09-15,17.34,19.1,14.28,15.5,7190302
2023-09-18,15.49,16.84,15.22,16.12,7533185
2023-09-19,16.1,19.52,15.29,17.82,4785915
2023-09-20,17.83,20.19,17.31,18.91,7242970
2023-09-21,18.98,19.08,18.9,18.95,2883946
2023-09-22,18.99,19.62,17.71,18.4,4438610
2023-09-25,18.33,19.73,17.51,19.1,2511599
2023-09-26,19.14,20.22,18.49,19.75,3816589
2023-09-27,19.75,22.16,18.93,21.16,7301922
2023-09-28,21.21,22.57,20.5,21.96,5603544
2023-09-29,22.04,22.43,21.19,21.48,6300846
2023-10-02,21.53,22.56,19.89,20.6,6351542
2023-10-03,20.63,21.97,20.17,21.34,2517574
2023-10-04,21.39,21.96,21.07,21.65,2392544
2023-10-05,21.67,23.03,18.51,20.04,4432367
2023-10-06,20.08,21.99,19.64,21.05,5807133
2023-10-09,20.98,22.21,20.01,21.88,6415683
2023-10-10,21.94,23.09,19.8,20.74,6285260
2023-10-11,20.67,21.71,20.21,21.44,4478451
2023-10-12,21.46,23.16,20.41,22.51,3823097
2023-10-13,22.47,23.17,22.13,22.86,4354547
2023-10-16,22.9,23.17,22.58,23.05,4658338
2023-10-17,22.98,25.91,21.22,24.85,4064692
2023-10-18,24.86,25.2,24.63,24.91,4370347
2023-10-19,24.98,25.33,24.71,25.11,3805343
2023-10-20,25.04,26.44,22.67,23.69,6162008
2023-10-23,23.64,24.57,23.11,24.25,6019553
2023-10-24,24.17,24.51,23.36,23.58,3080514
2023-10-25,23.62,23.94,22.84,23.22,5026300
2023-10-26,23.21,23.72,22.9,23.49,5547525
2023-10-27,23.5,24.68,20.8,22.05,6396399
2023-10-30,22.01,24.47,20.61,23.72,3381560
2023-10-31,23.74,23.82,23.68,23.76,3360757
2023-11-01,23.72,24.0,23.49,23.78,3199940
2023-11-02,23.86,24.82,23.37,24.37,2883936
2023-11-03,24.34,24.73,24.12,24.6,3809676
2023-11-06,24.65,25.57,24.26,25.06,5607236
2023-11-07,24.97,25.16,24.75,24.92,2343271
2023-11-08,24.92,25.33,24.14,24.38,4473080
2023-11-09,24.38,26.94,23.72,25.96,6654542
2023-11-10,26.05,26.54,23.99,25.08,6178265
2023-11-13,25.13,28.59,23.72,26.92,4593886
2023-11-14,27.0,27.68,25.91,26.59,3499595
2023-11-15,26.6,28.46,22.6,24.41,7072776
2023-11-16,24.39,25.02,23.58,23.98,3571741
2023-11-17,23.9,24.64,22.4,22.96,5575347
2023-11-20,23.04,23.17,22.92,22.98,5304249
2023-11-21,23.06,23.95,22.37,23.69,3045035
2023-11-22,23.7,25.2,22.52,24.64,4259630
2023-11-23,24.64,25.94,23.82,25.35,6167701
2023-11-24,25.33,26.92,24.5,26.39,3476887
2023-11-27,26.36,27.41,26.11,26.85,3761740
2023-11-28,26.93,29.13,25.51,28.15,2582694
2023-11-29,28.22,28.4,27.77,28.04,5150421
2023-11-30,28.02,29.44,27.59,28.91,4131346
2023-12-01,28.8,29.52,27.63,28.27,3135986
2023-12-04,28.31,30.7,26.82,29.74,4390067
2023-12-05,29.73,30.18,29.52,29.83,5916063
2023-12-06,29.91,30.8,29.59,30.4,5676602
2023-12-07,30.46,33.1,29.84,32.02,7123865
2023-12-08,32.13,36.47,29.98,34.29,4922234
2023-12-11,34.28,34.78,34.0,34.46,4444842
2023-12-12,34.54,34.84,33.3,33.79,6954078
2023-12-13,33.77,33.97,32.96,33.42,6482229
2023-12-14,33.4,35.6,26.75,29.83,6218949
2023-12-15,29.83,34.7,27.22,32.43,7925443
2023-12-18,32.33,35.06,31.76,33.59,6558367
2023-12-19,33.64,35.95,32.22,35.39,6769461
2023-12-20,35.44,36.01,34.98,35.78,7002391
2023-12-21,35.78,37.47,33.12,34.16,7164311
2023-12-22,34.13,34.59,33.69,33.85,4921455
2023-12-25,33.97,35.54,33.45,34.59,6805126
2023-12-26,34.7,36.59,33.92,35.7,6513696
2023-12-27,35.56,37.18,33.24,34.08,5839659
2023-12-28,34.2,34.49,33.82,34.05,2302183
2023-12-29,33.92,41.25,30.13,37.46,3907898
2024-01-01,37.56,39.58,36.5,38.88,6535260
2024-01-02,38.98,40.13,37.22,37.78,4411617
2024-01-03,37.7,38.17,36.7,37.19,5261627
2024-01-04,37.22,37.57,36.83,37.01,4702606
2024-01-05,37.05,37.82,36.56,37.39,5030275
2024-01-08,37.48,40.37,36.53,39.47,7876281
2024-01-09,39.58,39.77,39.0,39.33,4653871
2024-01-10,39.43,42.6,37.42,41.41,6143348
2024-01-11,41.3,42.21,40.24,40.72,4132369
2024-01-12,40.87,41.7,38.14,39.61,3846794
2024-01-15,39.76,41.9,36.07,37.31,4887993
2024-01-16,37.46,40.53,36.85,38.9,4706423
2024-01-17,38.81,39.42,38.5,39.08,5885528
2024-01-18,39.1,39.79,37.68,38.38,5874152
2024-01-19,38.32,39.56,35.5,36.68,3931395
2024-01-22,36.6,36.89,35.91,36.41,5806324
2024-01-23,36.33,38.83,35.37,38.08,3241088
2024-01-24,38.21,38.87,34.42,36.42,7191855
2024-01-25,36.33,37.07,35.12,35.66,2743750
2024-01-26,35.54,37.63,34.3,36.54,4731782
2024-01-29,36.56,37.18,35.59,35.89,3595748
2024-01-30,35.8,37.42,34.95,36.89,4870918
2024-01-31,36.94,37.36,36.52,37.08,5720055
2024-02-01,37.23,37.39,36.66,36.99,4585620
2024-02-02,37.03,38.44,34.78,35.54,6804532
2024-02-05,35.5,36.49,33.7,34.47,7386173
2024-02-06,34.56,35.99,33.73,35.57,2573322
2024-02-07,35.57,36.52,34.02,34.76,6151633
2024-02-08,34.64,36.32,33.76,35.44,5532657
2024-02-09,35.35,36.93,31.79,32.85,3104789
2024-02-12,32.79,33.25,32.2,32.54,5040980
2024-02-13,32.54,33.19,31.37,31.85,6368208
2024-02-14,31.86,32.75,31.37,32.46,4106048
2024-02-15,32.58,32.85,32.1,32.34,5632028
2024-02-16,32.43,34.1,28.94,30.32,7589397
2024-02-19,30.32,30.5,30.22,30.39,3653518
2024-02-20,30.36,30.92,28.46,29.46,5216056
2024-02-21,29.56,33.35,28.16,31.59,5317453
2024-02-22,31.65,32.34,29.06,29.97,6852256
2024-02-23,29.99,30.85,29.74,30.35,4504799
2024-02-26,30.29,31.31,28.89,29.51,3477376
2024-02-27,29.45,29.9,27.13,28.37,5848489
2024-02-28,28.29,29.46,27.66,28.76,5513151
2024-02-29,28.69,29.28,27.78,28.22,5896606
2024-03-01,28.29,28.92,27.29,27.76,3488351
2024-03-04,27.85,32.07,26.85,29.86,4855060
2024-03-05,29.8,30.98,27.31,28.45,3289357
2024-03-06,28.52,28.92,27.34,27.96,2471786
2024-03-07,27.95,28.18,27.44,27.63,4522044
2024-03-08,27.72,30.2,26.44,29.11,3149589
2024-03-11,29.22,30.12,29.03,29.72,4658226
2024-03-12,29.73,34.25,28.35,32.07,5619269
2024-03-13,32.02,35.35,30.28,33.97,6705023
2024-03-14,34.1,34.29,33.94,34.1,3738768
2024-03-15,34.17,36.02,30.99,31.82,4687582
2024-03-18,31.7,31.91,30.92,31.23,5948326
2024-03-19,31.12,31.31,30.83,31.2,4230651
2024-03-20,31.28,32.2,29.69,30.56,3405387
2024-03-21,30.65,31.13,29.83,30.06,3327214
2024-03-22,30.13,31.12,28.32,29.24,3596574
2024-03-25,29.21,29.47,28.26,28.71,7119215
2024-03-26,28.6,28.97,27.31,27.96,5130831
2024-03-27,28.02,29.62,27.24,28.99,4220174
2024-03-28,28.93,29.66,27.02,27.9,7362350
2024-03-29,27.83,28.77,27.11,28.31,4381553
2024-04-01,28.24,28.42,27.64,28.03,4619680
2024-04-02,28.08,29.07,26.65,27.19,3374307
2024-04-03,27.14,28.66,26.43,27.95,5123006
2024-04-04,27.88,30.69,27.22,29.23,6521175
2024-04-05,29.14,30.4,28.76,29.81,6900997
2024-04-08,29.76,30.91,29.19,30.56,3745928
2024-04-09,30.48,31.11,29.6,29.98,2729333
2024-04-10,30.05,30.25,29.24,29.61,3463079
2024-04-11,29.67,31.82,28.84,30.82,3356767
2024-04-12,30.86,31.56,30.29,31.11,4429675
2024-04-15,31.0,33.17,29.56,32.57,6691600
2024-04-16,32.65,34.65,29.54,30.63,7938682
2024-04-17,30.51,31.26,30.25,30.81,3919778
2024-04-18,30.83,32.0,30.25,31.64,4861786
2024-04-19,31.76,35.1,30.47,33.47,7215561
2024-04-22,33.46,33.68,33.0,33.22,6600739
2024-04-23,33.26,33.54,32.6,33.09,4919143
2024-04-24,33.04,39.21,30.21,36.71,4841417
2024-04-25,36.6,38.8,35.88,37.75,6590108
2024-04-26,37.64,38.88,32.89,35.1,4865210
2024-04-29,35.13,37.08,30.95,32.6,7179358
2024-04-30,32.52,33.15,31.75,31.98,6945585
2024-05-01,31.96,33.14,31.64,32.74,6668943
2024-05-02,32.68,35.38,31.22,34.35,3642506
2024-05-03,34.28,35.37,31.75,33.08,5081395
2024-05-06,33.05,33.29,32.07,32.64,2957348
2024-05-07,32.61,37.24,31.19,34.97,4936133
2024-05-08,34.86,35.14,34.71,35.02,4624469
2024-05-09,35.07,35.37,34.84,35.26,6466745
2024-05-10,35.13,37.43,31.06,33.04,3267507
2024-05-13,33.06,33.76,31.04,31.72,3001309
2024-05-14,31.77,33.3,27.52,29.62,7722852
2024-05-15,29.68,31.93,25.73,27.52,4479467
2024-05-16,27.56,27.67,27.28,27.45,5092566
2024-05-17,27.49,27.89,26.83,27.26,6848991
2024-05-20,27.26,27.63,26.59,26.81,3686464
2024-05-21,26.77,30.89,25.58,29.1,6182452
2024-05-22,29.13,31.49,28.17,30.64,6509955
2024-05-23,30.57,31.03,28.68,29.44,3517507
2024-05-24,29.47,30.61,26.21,27.93,7189752
2024-05-27,27.87,30.03,26.67,29.01,5288229
2024-05-28,28.92,31.61,27.21,30.54,5421243
2024-05-29,30.44,33.68,29.27,32.17,7347242
2024-05-30,32.15,33.16,28.44,29.79,6121123
2024-05-31,29.73,30.32,28.79,29.21,5480558
2024-06-03,29.18,30.33,28.92,29.95,3254334
2024-06-04,30.06,31.79,26.17,27.63,8297535
2024-06-05,27.6,28.39,27.19,28.14,5837406
2024-06-06,28.13,28.4,27.9,28.01,6668835
2024-06-07,27.93,29.26,25.12,26.27,3809192
2024-06-10,26.27,26.69,25.7,26.03,6411288
2024-06-11,25.99,26.64,22.99,24.41,3294000
2024-06-12,24.49,24.92,23.02,23.7,6601136
2024-06-13,23.75,24.7,23.46,24.18,4650893
2024-06-14,24.25,26.94,23.51,25.59,5641379
2024-06-17,25.63,26.02,24.7,24.94,3137034
2024-06-18,24.88,25.35,24.7,25.13,6442782
2024-06-19,25.16,25.34,24.68,24.91,2923556
2024-06-20,24.81,25.69,22.75,23.85,4728849
2024-06-21,23.76,24.87,20.68,21.88,4247391
2024-06-24,21.96,22.17,21.71,21.87,5714328
2024-06-25,21.79,21.91,21.63,21.74,3326797
2024-06-26,21.75,21.87,21.17,21.52,4761690
2024-06-27,21.46,22.98,20.56,22.31,5734674
2024-06-28,22.29,23.27,20.55,21.39,3195008
2024-07-01,21.45,22.52,21.05,21.92,7253670
2024-07-02,21.92,24.09,20.85,22.95,5790229
2024-07-03,23.01,25.18,22.42,24.56,3938655
2024-07-04,24.55,24.69,23.97,24.24,4098170
2024-07-05,24.18,24.24,24.14,24.16,2543860
2024-07-08,24.23,24.33,24.14,24.26,6340027
2024-07-09,24.25,25.69,23.3,25.07,4580126
2024-07-10,25.12,29.17,24.04,27.63,2927687
2024-07-11,27.66,30.29,26.48,29.25,4978952
2024-07-12,29.2,30.1,27.51,28.19,7377532
2024-07-15,28.17,29.64,27.75,28.87,4533719
2024-07-16,28.82,29.54,26.67,27.54,7505228
2024-07-17,27.65,28.84,23.38,25.42,5363508
2024-07-18,25.5,27.74,19.17,22.43,6557331
2024-07-19,22.35,22.91,21.81,22.67,3441371
2024-07-22,22.75,23.02,22.5,22.63,2733536
2024-07-23,22.71,24.46,21.81,23.94,3769051
2024-07-24,23.99,24.9,21.77,22.91,2711506
2024-07-25,22.96,23.17,22.37,22.57,6297422
2024-07-26,22.56,23.42,21.17,21.84,5048408
2024-07-29,21.86,22.48,21.54,22.28,4267384
2024-07-30,22.28,22.97,20.04,21.14,4171325
2024-07-31,21.22,24.05,20.22,22.58,7064409
2024-08-01,22.55,22.96,22.18,22.74,3250631
2024-08-02,22.65,22.86,21.74,22.18,4725658
2024-08-05,22.11,23.98,21.48,23.07,5891884
2024-08-06,23.1,24.8,22.64,24.32,3216199
2024-08-07,24.4,24.95,21.81,23.02,3693030
2024-08-08,23.04,23.56,22.2,22.64,5239396
2024-08-09,22.72,26.03,21.11,24.63,7917308
2024-08-12,24.54,25.73,24.24,25.25,5392421
2024-08-13,25.23,25.54,24.37,24.84,4725945
2024-08-14,24.94,25.62,23.44,23.99,4744860
2024-08-15,23.91,25.69,23.5,24.74,5419114
2024-08-16,24.78,25.74,24.04,25.46,4852867
2024-08-19,25.4,29.69,24.15,27.93,5575934
2024-08-20,28.01,28.63,26.91,27.21,3192891
2024-08-21,27.3,28.51,25.16,25.86,7186609
2024-08-22,25.91,28.53,25.08,27.73,5918429
2024-08-23,27.77,30.99,26.36,29.51,4711272
2024-08-26,29.45,29.84,27.33,28.49,3801184
2024-08-27,28.6,30.16,25.88,27.12,2709297
2024-08-28,27.09,28.69,25.99,28.17,4479727
2024-08-29,28.19,28.68,27.3,27.72,4488719
2024-08-30,27.76,27.93,27.62,27.83,6435241
2024-09-02,27.89,28.37,26.68,27.23,4743893
2024-09-03,27.19,27.84,25.14,26.03,5309336
2024-09-04,25.97,26.27,25.7,26.02,4337596
2024-09-05,25.93,28.27,25.06,27.65,7765771
2024-09-06,27.55,28.41,27.34,28.0,2822055
2024-09-09,28.06,28.26,27.44,27.65,5529092
2024-09-10,27.64,29.03,26.69,28.38,6284508
2024-09-11,28.39,28.88,27.15,27.74,3548489
2024-09-12,27.83,27.95,27.43,27.66,4912447
2024-09-13,27.56,29.01,26.78,28.53,4561762
2024-09-16,28.59,28.89,28.29,28.67,3872861
2024-09-17,28.58,29.06,27.81,28.13,3415751
2024-09-18,28.1,31.62,27.33,30.06,6357434
2024-09-19,29.99,31.45,28.22,28.81,5658746
2024-09-20,28.78,30.56,28.34,29.93,3381923
2024-09-23,29.92,31.51,29.05,30.75,5067392
2024-09-24,30.76,34.56,30.01,32.81,5028378
2024-09-25,32.73,35.04,31.54,34.01,2967197
2024-09-26,33.88,35.57,31.59,32.44,6235313
2024-09-27,32.34,33.23,30.14,31.25,5005510
2024-09-30,31.17,31.74,29.92,30.68,4352848
2024-10-01,30.6,33.19,29.09,32.28,6571105
2024-10-02,32.26,34.21,30.99,33.61,3673822
2024-10-03,33.64,36.13,25.91,28.55,6543272
2024-10-04,28.57,30.46,27.35,29.87,7713016
2024-10-07,29.82,30.34,28.78,29.23,6136987
2024-10-08,29.11,29.42,28.98,29.24,2307814
2024-10-09,29.28,29.66,27.98,28.35,4926662
2024-10-10,28.36,31.09,22.18,24.47,7298442
2024-10-11,24.43,25.2,22.93,23.6,4326082
2024-10-14,23.64,27.96,22.69,26.06,7727921
2024-10-15,26.07,28.51,25.36,27.22,6447143
2024-10-16,27.29,27.6,27.09,27.41,6112883
2024-10-17,27.47,30.18,26.14,29.05,6569006
2024-10-18,29.09,30.63,26.96,27.73,3710835
2024-10-21,27.75,28.32,27.45,27.98,6546544
2024-10-22,28.04,30.64,22.83,24.97,6823768
2024-10-23,24.98,25.86,23.39,24.02,7283257
2024-10-24,23.95,24.79,22.39,22.9,7349568
2024-10-25,22.91,23.47,22.1,22.44,4964473
2024-10-28,22.4,24.45,21.34,23.41,4936379
2024-10-29,23.4,23.62,22.98,23.17,6192996
2024-10-30,23.16,23.49,22.89,23.1,3481470
2024-10-31,23.02,23.43,21.04,22.04,6848985
2024-11-01,21.96,25.16,20.84,23.78,6403779
2024-11-04,23.73,24.14,22.37,22.77,5526429
2024-11-05,22.83,23.16,21.95,22.34,5485835
2024-11-06,22.36,23.57,19.06,20.42,6716353
2024-11-07,20.48,20.76,19.45,19.94,6508353
2024-11-08,19.89,21.71,19.02,20.75,5997893
2024-11-11,20.75,20.97,20.2,20.47,6684832
2024-11-12,20.44,21.7,20.17,20.99,2545682
2024-11-13,21.06,22.01,18.3,19.3,4709590
2024-11-14,19.22,21.01,18.39,20.22,3959110
2024-11-15,20.26,20.43,19.57,20.01,2983970
2024-11-18,19.96,20.19,19.65,19.77,4437420
2024-11-19,19.75,22.02,19.26,20.9,3620648
2024-11-20,20.87,21.62,19.38,20.17,7168836
2024-11-21,20.13,20.75,19.7,20.52,5216057
2024-11-22,20.49,21.5,16.99,18.79,5671953
2024-11-25,18.83,20.51,18.11,19.88,3635120
2024-11-26,19.86,20.33,19.54,20.11,6462602
2024-11-27,20.08,23.45,19.33,21.87,3880490
2024-11-28,21.92,22.6,21.72,22.27,2799394
2024-11-29,22.36,23.83,21.74,23.25,5353175
2024-12-02,23.16,24.11,21.19,22.02,5330717
2024-12-03,22.09,22.62,20.4,20.91,3370840
2024-12-04,20.92,21.1,20.77,20.88,4973543
2024-12-05,20.89,22.14,19.11,19.71,3645387
